,Arid,Snow,Temperate,Tropical
Baseline,-0.03162411092819302,-0.11577020287940362,-0.06880185592916356,0.039778896059853526
Albedo Management,-0.0323124235446588,-0.09424586352879924,-0.0638151104175785,0.01705426133420495
50% Afforestation,-0.023807456908564555,-0.04872135302165319,-0.031733185158969474,0.026042740844406418
100% Afforestation,-0.023722258344377474,-0.08997467383684069,-0.05457428044409866,0.05287240638779096
Albedo Management + 50% Afforestation,-0.028733139812840067,-0.04665875293818515,-0.03845563095103595,0.03457045453034633
Albedo Management + 100% Afforestation,-0.030941322080455858,-0.08175258886411481,-0.058501014957791045,0.06345782918641958
