,Arid,Snow,Temperate,Tropical
Baseline,-0.012146344137784343,-0.013553727101177606,-0.008504767616775852,0.0007686061040437361
Albedo Management,-0.006474123506939425,-0.00668298255370044,-0.005456305042436976,0.00025489148077246663
50% Afforestation,-0.005720586882071348,-0.0052015235993600525,-0.00413511106696785,0.00016756744696158718
100% Afforestation,-0.009444361280254984,-0.004836123965831697,0.0014349921954770531,0.006634757591518294
Albedo Management + 50% Afforestation,-0.007963688330507273,-0.003684446546480138,-0.0018687214520536066,0.00029351799787678107
Albedo Management + 100% Afforestation,-0.007343646355694629,0.009727820948927945,0.0050316610925911255,0.0059769401102614545
