,Arid,Snow,Temperate,Tropical
Baseline,-0.010230600461716564,-0.015467705988647426,-0.007499580643645528,0.0033896442944657537
Albedo Management,-0.007696336282402676,-0.012054108230027769,-0.00651367243714749,0.003246766497930523
50% Afforestation,-0.006108952268838371,-0.012902145727076288,-0.006564481916923548,-0.003885395364488298
100% Afforestation,-0.006056101945602209,-0.005812588154496031,-0.003131743526886236,0.005367373380350566
Albedo Management + 50% Afforestation,-0.007104214877832338,-0.007916720501847364,-0.0064313659629931,-0.0010451579737828834
Albedo Management + 100% Afforestation,-0.004651809593825594,-0.011549348914425665,-0.006386836030086487,0.0037433278093565187
